<?xml version="1.0" encoding="utf-8"?>
<extension type="component" method="upgrade" version="1.6">
	<name>Adalogin</name>
	<creationDate>2016-11-08</creationDate>
	<author>Fogler Tibor</author>
	<authorEmail>tibor.fogler@gmail.com</authorEmail>
	<authorUrl>http://adatmagus.hu</authorUrl>
	<copyright>Copyright (C) 2016 Fogler Tibor Open Source Matters. All rights reserved.</copyright>	
	<license>GNU/GPL</license>
	<version>4.01</version>
	<description>login into joomla use adataom.hu user authorization service.</description>
	<installfile></installfile>
	<uninstallfile></uninstallfile>
	<install>
		<sql>
			<file driver="mysql" charset="utf8">sql/install.mysql.sql</file>
		</sql>
	</install>
	<uninstall>
		<sql>
			<file driver="mysql" charset="utf8">sql/uninstall.mysql.sql</file>
		</sql>
	</uninstall>
	<files folder="site">
			<filename>adalogin.php</filename>
			<filename>controller.php</filename>
			<filename>index.html</filename>			
			<filename>router.php</filename>
			<filename>index.php</filename>
			<folder>controllers</folder>
			<folder>helpers</folder>
			<folder>models</folder>
			<folder>views</folder>
			<folder>assets</folder>			
	</files>	
	<languages folder="site">
		<language tag="en-GB">language/en-GB.com_adalogin.ini</language>
    	<language tag="hu-HU">language/hu-HU.com_adalogin.ini</language>            
	</languages>
	<administration>
		<menu link="index.php?option=com_adalogin">Adalogin</menu>

		<files folder="admin">
			<filename>config.xml</filename>
			<filename>adalogin.php</filename>
			<filename>controller.php</filename>
			<filename>index.html</filename>
			<filename>access.xml</filename>			
			<folder>assets</folder>
			<folder>elements</folder>				
			<folder>controllers</folder>
			<folder>helpers</folder>
			<folder>models</folder>
			<folder>sql</folder>			
			<folder>tables</folder>
			<folder>views</folder>									
		</files>	
        <languages folder="admin">
        	<language tag="en-GB">language/en-GB.com_adalogin.ini</language>
            <language tag="hu-HU">language/hu-HU.com_adalogin.ini</language>
        	<language tag="en-GB">language/en-GB.com_adalogin.sys.ini</language>
            <language tag="hu-HU">language/hu-HU.com_adalogin.sys.ini</language>                           
		</languages>		
	</administration>
	<updateservers>
		<server type="extension" priority="2" name="com_adalogin Updates">https://github.com/edemo/Joomla_oauth_plugin/raw/master/extension.xml</server>
	 </updateservers>	
</extension>